{
  "$schema": "https://schema.management.azure.com/schemas/2019-04-01/deploymentParameters.json#",
  "contentVersion": "1.0.0.0",
  "parameters": {
    "environmentName": {
      "value": "${AZURE_ENV_NAME}"
    },
    "location": {
      "value": "${AZURE_LOCATION}"
    },
    "entraAuth": {
      "value": "${AZURE_ENTRA_AUTH}"
    },
    "entraTenantId": {
      "value": "${AZURE_TENANT_ID}"
    },
    "entraClientId": {
      "value": "${AZURE_CLIENT_ID}"
    },
    "entraAudience": {
      "value": "${AZURE_AUDIENCE}"
    },
    "deploymentCapacity": {
      "value": "${OPENAI_CAPACITY}",
      "metadata": {
        "description": "The OpenAI endpoints capacity (in thousands of tokens per minute)."
      }
    }
  }
}