<fragment>
    <!-- AAD Authorization -->
    <!-- Enable AAD is named value set to true -->
    <set-variable name="entra-validate" value="{{entra-auth}}" />
    <choose>
        <when condition="@(context.Variables.GetValueOrDefault("entra-auth") == "true")">
            <validate-jwt header-name="Authorization" failed-validation-httpcode="401"
                failed-validation-error-message="Unauthorized" require-expiration-time="true"
                require-scheme="Bearer" require-signed-tokens="true">
                <openid-config
                    url="https://login.microsoftonline.com/{{tenant-id}}/v2.0/.well-known/openid-configuration" />
                <audiences>
                    <audience>{{audience}}</audience>
                </audiences>
                <issuers>
                    <issuer>https://sts.windows.net/{{tenant-id}}/</issuer>
                </issuers>
                <required-claims>
                    <claim name="appid">
                        <value>{{client-id}}</value>
                    </claim>
                </required-claims>
            </validate-jwt>
        </when>
    </choose>
</fragment>