<!--
    - Policies are applied in the order they appear.
    - Position <base/> inside a section to inherit policies from the outer scope.
    - Comments within policies are not preserved.
-->
<!-- Add policies as children to the <inbound>, <outbound>, <backend>, and <on-error> elements -->
<policies>
    <!-- Throttle, authorize, validate, cache, or transform the requests -->
    <inbound>
        <base />
        <choose>
            <when condition="@(!new [] { "product-info" }.Contains(context.Request.MatchedParameters["index-name"] ?? String.Empty))">
                <return-response>
                    <set-status code="401" reason="Unauthorized index access" />
                </return-response>
            </when>
        </choose>
    </inbound>
    <!-- Control if and how the requests are forwarded to services  -->
    <backend>
        <base />
    </backend>
    <!-- Customize the responses -->
    <outbound>
        <base />
    </outbound>
    <!-- Handle exceptions and customize error responses  -->
    <on-error>
        <base />
    </on-error>
</policies>