<fragment>
    <!-- Log OpenAI usage to EventHub -->
    <choose>
        <when condition="@(context.Response.StatusCode == 200)">
            <log-to-eventhub logger-id="usage-eventhub-logger">@{
            return new JObject(
                new JProperty("id", (string)context.Variables.GetValueOrDefault<string>("idPrefix", "ai") + "-" + Guid.NewGuid().ToString()),
                new JProperty("timestamp", DateTime.UtcNow.ToString()),
                new JProperty("appId", context.Request.Headers.GetValueOrDefault("Authorization",string.Empty).Split(' ').LastOrDefault()?.AsJwt()?.Claims.GetValueOrDefault("appid", "NA")),
                new JProperty("subscriptionId", context.Subscription?.Id?.ToString() ?? "Portal-Admin"),
                new JProperty("productName", context.Product?.Name?.ToString() ?? "Portal-Admin"),
                new JProperty("targetService", (string)context.Variables.GetValueOrDefault<string>("targetService", "NA")),
                new JProperty("model", (string)context.Variables.GetValueOrDefault<string>("model", "NA")),
                new JProperty("gatewayName", context.Deployment?.ServiceName ?? "NA"),
                new JProperty("gatewayRegion", context.Deployment?.Region ?? "NA"),
                new JProperty("aiGatewayId", context.Deployment?.Gateway?.Id ?? "NA"),
                new JProperty("RequestIp", context.Request?.IpAddress ?? "NA"),
                new JProperty("operationName", context.Operation?.Name ?? "NA"),
                new JProperty("sessionId", (string)context.Variables.GetValueOrDefault<string>("sessionId", "NA")),
                new JProperty("endUserId", (string)context.Variables.GetValueOrDefault<string>("endUserId", "NA")),
                new JProperty("backendId", (string)context.Variables.GetValueOrDefault<string>("backendId", "NA")),
                new JProperty("routeLocation", (string)context.Variables.GetValueOrDefault<string>("routeLocation", "NA")),
                new JProperty("routeName", (string)context.Variables.GetValueOrDefault<string>("routeName", "NA")),
                new JProperty("deploymentName", (string)context.Variables.GetValueOrDefault<string>("deploymentName", "NA")),
                new JProperty("promptTokens", (int)context.Variables.GetValueOrDefault<int>("promptTokens", 1)),
                new JProperty("responseTokens", (int)context.Variables.GetValueOrDefault<int>("responseTokens", 0)),
                new JProperty("totalTokens", (int)context.Variables.GetValueOrDefault<int>("totalTokens", 1))
        ).ToString();
        }</log-to-eventhub>
        </when>
    </choose>
</fragment>